City_ID,City,Lat,Lng,Max Temp,Humidity,Cloudiness,Wind Speed,Country,Date
0,Aniche,50.33,3.2535,51.76,95,100,21.54,FR,2023-01-12 18:41:32
1,Fortuna,40.5982,-124.1573,61.99,65,0,20.71,US,2023-01-12 18:41:32
2,Vardo,70.3705,31.1107,37.38,81,75,20.71,NO,2023-01-12 18:41:34
3,Tobermory,45.2501,-81.6665,35.96,97,100,12.75,CA,2023-01-12 18:41:34
4,Kapaa,22.0752,-159.319,67.19,82,40,5.75,US,2023-01-12 18:41:35
5,Cidreira,-30.1811,-50.2056,79.59,67,15,11.32,BR,2023-01-12 18:41:36
6,Ushuaia,-54.8,-68.3,65.86,42,75,13.8,AR,2023-01-12 18:41:36
7,Hami,42.8,93.45,14.7,27,100,11.65,CN,2023-01-12 18:39:11
8,Barrow,71.2906,-156.7887,-2.18,78,100,31.07,US,2023-01-12 18:41:37
9,Kahului,20.8947,-156.47,72.84,72,20,5.01,US,2023-01-12 18:41:38
10,Lagoa,39.05,-27.9833,61.23,89,100,20.6,PT,2023-01-12 18:41:38
11,Wladyslawowo,54.7909,18.4009,47.48,83,100,23.91,PL,2023-01-12 18:41:39
12,Salalah,17.0151,54.0924,78.89,44,0,10.36,OM,2023-01-12 18:41:39
13,Anito,12.4497,125.2886,75.52,95,100,10.45,PH,2023-01-12 18:41:40
14,Malaryta,51.7905,24.074,37.54,92,14,9.53,BY,2023-01-12 18:41:40
15,Poli,-3.3333,36.8,71.87,56,40,0.0,TZ,2023-01-12 18:41:41
16,Busselton,-33.65,115.3333,60.84,93,4,7.76,AU,2023-01-12 18:41:41
17,Bagh,22.3667,74.7667,67.23,68,0,6.42,IN,2023-01-12 18:41:42
18,Severo-Kurilsk,50.6789,156.125,23.67,85,100,30.06,RU,2023-01-12 18:38:58
19,Peniche,39.3558,-9.3811,55.56,85,100,8.3,PT,2023-01-12 18:41:44
20,Esperance,-33.8667,121.9,61.29,92,6,8.05,AU,2023-01-12 18:41:44
21,Longyearbyen,78.2186,15.6401,28.24,80,75,12.66,SJ,2023-01-12 18:41:45
22,Gawler,-34.6,138.7333,75.47,41,72,5.73,AU,2023-01-12 18:41:45
23,Acapulco,16.8634,-99.8901,85.82,51,0,8.05,MX,2023-01-12 18:41:22
24,Punta Arenas,-53.15,-70.9167,66.31,48,40,29.93,CL,2023-01-12 18:41:47
25,Lata,40.1629,-8.3327,54.81,79,100,3.71,PT,2023-01-12 18:41:47
26,Kasongo-Lunda,-6.4667,16.8167,70.09,92,80,2.35,CD,2023-01-12 18:41:47
27,Tuktoyaktuk,69.4541,-133.0374,-23.8,76,20,10.36,CA,2023-01-12 18:37:23
28,Peleduy,59.6289,112.7406,-22.9,88,100,10.36,RU,2023-01-12 18:41:49
29,Zavallya,48.2135,30.0156,25.84,81,96,4.07,UA,2023-01-12 18:41:50
30,Bethel,41.3712,-73.414,43.16,86,100,5.75,US,2023-01-12 18:40:08
31,Hobart,-42.8794,147.3294,59.27,93,40,3.44,AU,2023-01-12 18:40:59
32,Sobolevo,54.4299,31.8996,20.03,91,95,11.63,RU,2023-01-12 18:41:51
33,Xinzhi,36.4989,111.7047,39.16,78,4,3.04,CN,2023-01-12 18:41:51
34,Bud,39.447,-86.1758,45.41,97,100,14.61,US,2023-01-12 18:41:52
35,Chumikan,54.7183,135.315,4.69,89,100,11.21,RU,2023-01-12 18:41:53
36,Butaritari,3.0707,172.7902,79.48,83,93,13.67,KI,2023-01-12 18:41:54
37,Bredasdorp,-34.5322,20.0403,69.37,58,0,16.69,ZA,2023-01-12 18:40:01
38,Vaini,-21.2,-175.2,78.96,94,40,6.91,TO,2023-01-12 18:41:54
39,Tasiilaq,65.6145,-37.6368,10.56,60,100,5.88,GL,2023-01-12 18:41:55
40,East London,-33.0153,27.9116,76.14,88,20,16.11,ZA,2023-01-12 18:41:55
41,Vestmannaeyjar,63.4427,-20.2734,38.39,65,20,13.8,IS,2023-01-12 18:41:56
42,Vila Velha,-20.3297,-40.2925,84.15,79,20,18.41,BR,2023-01-12 18:40:08
43,Atuona,-9.8,-139.0333,78.98,66,25,13.76,PF,2023-01-12 18:41:57
44,Flinders,-34.5833,150.8552,65.17,86,57,4.0,AU,2023-01-12 18:41:58
45,Yatou,37.15,122.3833,46.58,99,100,4.52,CN,2023-01-12 18:41:58
46,Dharchula,29.85,80.5333,46.49,61,98,4.47,IN,2023-01-12 18:41:59
47,Hithadhoo,-0.6,73.0833,78.85,77,58,8.59,MV,2023-01-12 18:41:28
48,Avarua,-21.2078,-159.775,73.45,88,75,9.22,CK,2023-01-12 18:43:00
49,Rawson,-43.3002,-65.1023,66.4,46,90,30.49,AR,2023-01-12 18:42:39
50,Nizhniy Baskunchak,48.2198,46.8311,13.21,78,7,16.33,RU,2023-01-12 18:43:02
51,Hermanus,-34.4187,19.2345,70.81,68,0,15.57,ZA,2023-01-12 18:40:04
52,Cape Town,-33.9258,18.4232,70.21,67,75,13.8,ZA,2023-01-12 18:42:10
53,Georgetown,5.4112,100.3354,78.73,93,20,2.3,MY,2023-01-12 18:42:25
54,Comodoro Rivadavia,-45.8667,-67.5,67.86,45,40,9.22,AR,2023-01-12 18:39:14
55,Chuy,-33.6971,-53.4616,78.12,59,5,15.05,UY,2023-01-12 18:43:07
56,Nuristan,35.3,70.8333,-5.8,64,3,11.43,AF,2023-01-12 18:43:08
57,Coquimbo,-29.9533,-71.3436,69.53,68,20,18.41,CL,2023-01-12 18:43:09
58,Camopi,3.1655,-52.3158,77.86,96,100,4.7,GF,2023-01-12 18:43:11
59,Buala,-8.145,159.5921,80.04,81,82,7.25,SB,2023-01-12 18:43:11
60,Kloulklubed,7.0419,134.2556,73.9,78,100,7.38,PW,2023-01-12 18:43:12
61,Roma,43.2128,-75.4557,42.82,86,100,9.22,US,2023-01-12 18:43:13
62,Thompson,55.7435,-97.8558,15.96,86,100,3.44,CA,2023-01-12 18:43:14
63,Manjacaze,-24.7117,33.8828,73.2,92,0,6.08,MZ,2023-01-12 18:43:15
64,Sungaipenuh,-2.0833,101.3833,64.29,96,100,0.76,ID,2023-01-12 18:43:16
65,Jamestown,42.097,-79.2353,42.71,72,100,5.01,US,2023-01-12 18:43:16
66,Haines Junction,60.7522,-137.5108,22.32,96,100,0.92,CA,2023-01-12 18:43:17
67,Port Alfred,-33.5906,26.891,77.18,90,91,4.0,ZA,2023-01-12 18:43:18
68,Rikitea,-23.1203,-134.9692,78.42,78,15,20.85,PF,2023-01-12 18:43:20
69,Praia,14.9215,-23.5087,75.74,64,20,18.41,CV,2023-01-12 18:43:21
70,Arraial Do Cabo,-22.9661,-42.0278,87.76,66,75,11.5,BR,2023-01-12 18:43:22
71,Umm Lajj,25.0213,37.2685,69.33,53,0,10.38,SA,2023-01-12 18:43:24
72,Albany,42.6001,-73.9662,39.58,92,100,3.0,US,2023-01-12 18:42:17
73,Saskylakh,71.9167,114.0833,-34.02,97,100,3.47,RU,2023-01-12 18:43:25
74,Sao Gabriel Da Cachoeira,-0.1303,-67.0892,82.2,78,40,5.75,BR,2023-01-12 18:43:26
75,Torbay,47.6666,-52.7314,21.76,76,40,19.57,CA,2023-01-12 18:43:28
76,Costa Rica,-23.4167,-54.65,86.05,45,85,3.89,BR,2023-01-12 18:43:29
77,Nikolayevka,53.1257,47.2041,2.52,89,16,8.77,RU,2023-01-12 18:43:32
78,Magadan,59.5667,150.8,-9.15,98,59,2.24,RU,2023-01-12 18:43:33
79,Lompoc,34.6391,-120.4579,63.79,80,75,10.36,US,2023-01-12 18:40:39
80,Souillac,-20.5167,57.5167,75.58,88,75,9.22,MU,2023-01-12 18:43:35
81,Mar Del Plata,-38.0023,-57.5575,71.83,68,0,12.66,AR,2023-01-12 18:41:53
82,Sur,22.5667,59.5289,67.46,55,0,18.66,OM,2023-01-12 18:43:35
83,Kavieng,-2.5744,150.7967,80.85,76,100,6.82,PG,2023-01-12 18:43:37
84,Mataura,-46.1927,168.8643,47.93,91,27,0.51,NZ,2023-01-12 18:43:37
85,Livingston,55.9029,-3.5226,42.89,88,75,24.16,GB,2023-01-12 18:39:01
86,Camalu,30.85,-116.0667,66.34,43,54,3.38,MX,2023-01-12 18:43:38
87,Dikson,73.5069,80.5464,-20.72,91,100,12.93,RU,2023-01-12 18:43:39
88,Khatanga,71.9667,102.5,-46.73,100,100,3.69,RU,2023-01-12 18:43:39
89,Ponta Do Sol,32.6667,-17.1,63.23,64,1,6.44,PT,2023-01-12 18:43:40
90,Madona,56.8533,26.217,35.15,93,100,12.26,LV,2023-01-12 18:43:40
91,Nova Vicosa,-17.8919,-39.3719,81.91,71,87,13.44,BR,2023-01-12 18:43:41
92,Jalu,29.0331,21.5482,60.04,50,70,7.54,LY,2023-01-12 18:43:41
93,Riverton,40.5219,-111.9391,44.29,63,0,24.0,US,2023-01-12 18:44:42
94,Sinnamary,5.3833,-52.95,77.79,89,88,11.9,GF,2023-01-12 18:44:42
95,Pangnirtung,66.1451,-65.7125,-16.6,76,75,3.44,CA,2023-01-12 18:44:43
96,Santa Leopoldina,-20.1006,-40.5297,83.82,84,100,4.76,BR,2023-01-12 18:44:43
97,Bambous Virieux,-20.3428,57.7575,77.22,88,75,9.22,MU,2023-01-12 18:44:44
98,Gerash,27.6652,54.1371,41.14,46,32,2.62,IR,2023-01-12 18:44:44
99,Saint-Philippe,-21.3585,55.7679,70.11,79,96,11.48,RE,2023-01-12 18:44:45
100,Orje,59.4802,11.6602,38.35,97,99,7.96,NO,2023-01-12 18:44:45
101,Khetia,21.6667,74.5833,68.74,65,0,5.3,IN,2023-01-12 18:44:46
102,Mahon,39.8885,4.2658,50.56,87,0,5.75,ES,2023-01-12 18:44:46
103,Hovd,48.0056,91.6419,-10.71,70,0,4.14,MN,2023-01-12 18:44:47
104,Bubaque,11.2833,-15.8333,77.68,64,6,11.18,GW,2023-01-12 18:44:47
105,Bluff,-46.6,168.3333,50.52,83,18,2.8,NZ,2023-01-12 18:44:48
106,Yemelyanovo,56.1681,92.6767,-2.92,54,0,4.47,RU,2023-01-12 18:44:48
107,Talnakh,69.4865,88.3972,-26.75,97,100,7.52,RU,2023-01-12 18:44:49
108,Castro,-24.7911,-50.0119,73.44,80,100,7.07,BR,2023-01-12 18:44:49
109,Saldanha,-33.0117,17.9442,64.11,86,0,4.92,ZA,2023-01-12 18:44:50
110,Kodiak,57.79,-152.4072,33.31,93,100,6.91,US,2023-01-12 18:44:51
111,Taoudenni,22.6783,-3.9836,71.94,17,0,11.07,ML,2023-01-12 18:44:51
112,Port Macquarie,-31.4333,152.9167,61.9,92,12,3.91,AU,2023-01-12 18:40:13
113,Iqaluit,63.7506,-68.5145,-14.31,75,100,2.3,CA,2023-01-12 18:44:52
114,Borogontsy,62.6683,131.1683,-49.11,100,96,1.36,RU,2023-01-12 18:44:53
115,Nome,64.5011,-165.4064,8.67,78,100,5.75,US,2023-01-12 18:40:13
116,Kambove,-10.8764,26.5969,61.72,98,100,4.05,CD,2023-01-12 18:44:53
117,Sechura,-5.5569,-80.8222,80.98,54,46,15.41,PE,2023-01-12 18:44:54
118,Boyuibe,-20.4167,-63.2833,100.17,22,32,12.66,BO,2023-01-12 18:44:55
119,Altay,47.8667,88.1167,-18.06,67,3,6.46,CN,2023-01-12 18:44:55
120,Laki,41.85,24.8167,36.0,95,100,3.24,BG,2023-01-12 18:44:56
121,Osa,57.2829,55.4567,11.52,88,100,12.8,RU,2023-01-12 18:44:56
122,Norman Wells,65.282,-126.8329,-0.36,78,75,5.75,CA,2023-01-12 18:44:57
123,Grand Gaube,-20.0064,57.6608,77.38,70,19,5.01,MU,2023-01-12 18:44:57
124,Hilo,19.7297,-155.09,80.28,66,0,6.91,US,2023-01-12 18:43:35
125,Te Anau,-45.4167,167.7167,49.84,85,28,0.92,NZ,2023-01-12 18:44:58
126,Sakakah,29.9697,40.2064,51.37,63,79,9.57,SA,2023-01-12 18:40:19
127,Port Lincoln,-34.7333,135.8667,64.33,81,100,7.25,AU,2023-01-12 18:44:59
128,Antofagasta,-23.65,-70.4,72.68,61,24,10.4,CL,2023-01-12 18:44:59
129,Baghpat,28.95,77.2167,53.67,64,88,9.78,IN,2023-01-12 18:45:00
130,Geraldton,-28.7667,114.6,68.41,83,10,11.5,AU,2023-01-12 18:45:00
131,Gigmoto,13.7796,124.39,76.57,93,100,15.23,PH,2023-01-12 18:45:01
132,Bundaberg,-24.85,152.35,71.22,99,99,3.0,AU,2023-01-12 18:45:02
133,Lixourion,38.2019,20.4314,50.0,81,40,0.0,GR,2023-01-12 18:45:03
134,Palmer,42.1584,-72.3287,37.65,85,100,4.0,US,2023-01-12 18:45:04
135,Bengkulu,-3.8004,102.2655,75.25,87,100,3.22,ID,2023-01-12 18:45:05
136,Nyurba,63.2842,118.3319,-38.47,98,100,4.43,RU,2023-01-12 18:45:06
137,Coihaique,-45.5752,-72.0662,65.01,48,75,13.8,CL,2023-01-12 18:46:07
138,Aksha,50.2814,113.2867,-8.84,65,39,15.64,RU,2023-01-12 18:46:09
139,Nocupetaro,19.05,-101.15,89.49,23,1,4.92,MX,2023-01-12 18:46:09
140,Teguise,29.0605,-13.564,62.82,82,75,11.5,ES,2023-01-12 18:46:10
141,Yellowknife,62.456,-114.3525,7.32,85,100,6.91,CA,2023-01-12 18:43:32
142,Rocha,-34.4833,-54.3333,79.83,47,86,17.22,UY,2023-01-12 18:46:12
143,Bozoum,6.3193,16.3799,72.63,24,0,4.41,CF,2023-01-12 18:46:13
144,Zeya,53.75,127.2667,-3.39,92,100,5.53,RU,2023-01-12 18:46:13
145,Boone,39.0334,-92.3335,37.42,84,100,7.0,US,2023-01-12 18:46:14
146,Kapit,2.0167,112.9333,72.48,99,100,0.76,MY,2023-01-12 18:46:15
147,Opuwo,-18.0607,13.84,82.04,42,100,5.37,NA,2023-01-12 18:46:15
148,Mahebourg,-20.4081,57.7,77.25,88,75,9.22,MU,2023-01-12 18:46:16
149,Ordynskoye,54.3656,81.8994,2.88,93,100,18.07,RU,2023-01-12 18:46:16
150,Mehamn,71.0357,27.8492,35.51,100,100,10.36,NO,2023-01-12 18:46:17
151,Togur,58.3631,82.8265,-1.68,94,100,12.06,RU,2023-01-12 18:46:18
152,Grindavik,63.8424,-22.4338,28.35,74,0,4.61,IS,2023-01-12 18:46:18
153,San Jose,37.3394,-121.895,65.59,64,100,10.36,US,2023-01-12 18:45:32
154,Coronel Fabriciano,-19.5186,-42.6289,71.64,94,100,2.3,BR,2023-01-12 18:46:20
155,Riyadh,24.6877,46.7219,53.74,64,71,9.82,SA,2023-01-12 18:46:20
156,Alyangula,-13.8483,136.4192,80.67,81,100,15.88,AU,2023-01-12 18:46:21
157,Varhaug,58.6147,5.6457,42.35,85,40,12.73,NO,2023-01-12 18:46:21
158,Cedar City,37.6775,-113.0619,41.4,75,0,0.0,US,2023-01-12 18:44:50
159,Yidu,24.1614,115.1328,63.09,98,100,1.88,CN,2023-01-12 18:46:23
160,Leningradskiy,69.3833,178.4167,-10.59,99,100,5.12,RU,2023-01-12 18:46:24
161,Ban Nahin,18.2418,104.2122,65.53,98,4,1.25,LA,2023-01-12 18:46:24
162,Lasa,46.6166,10.7002,38.28,71,77,3.29,IT,2023-01-12 18:46:25
163,Redmond,47.674,-122.1215,51.04,90,100,1.99,US,2023-01-12 18:46:25
164,Chokurdakh,70.6333,147.9167,-32.46,98,100,6.69,RU,2023-01-12 18:46:26
165,Srem,52.0887,17.0151,48.02,82,100,17.47,PL,2023-01-12 18:46:27
166,Kaeo,-35.1,173.7833,63.32,96,97,7.65,NZ,2023-01-12 18:46:28
167,Ostrovnoy,68.0531,39.5131,27.72,87,100,21.85,RU,2023-01-12 18:46:29
168,Westport,41.1415,-73.3579,50.09,89,100,11.5,US,2023-01-12 18:43:45
169,Lebu,-37.6167,-73.65,60.17,69,5,22.55,CL,2023-01-12 18:46:30
170,Atasu,48.6814,71.6433,-7.4,94,100,13.27,KZ,2023-01-12 18:45:44
171,Yelizovo,53.1873,158.3805,12.34,56,0,7.0,RU,2023-01-12 18:46:31
172,Narsaq,60.9167,-46.05,17.82,97,94,1.9,GL,2023-01-12 18:46:31
173,Estevan,49.1334,-102.9842,7.21,85,20,5.75,CA,2023-01-12 18:46:32
174,Gambela,8.25,34.5833,83.88,40,24,3.02,ET,2023-01-12 18:46:34
175,Tarko-Sale,64.9225,77.785,-9.36,98,100,7.4,RU,2023-01-12 18:46:35
176,Atambua,-9.1061,124.8925,72.81,90,100,1.68,ID,2023-01-12 18:46:36
177,Hofn,64.2539,-15.2082,29.08,68,21,14.38,IS,2023-01-12 18:46:36
178,Moree,-29.4667,149.85,71.6,69,93,11.39,AU,2023-01-12 18:46:36
179,Sangar,63.9242,127.4739,-51.86,100,97,0.27,RU,2023-01-12 18:46:37
180,Canmore,51.0834,-115.3521,32.11,74,97,6.91,CA,2023-01-12 18:45:19
181,Hambantota,6.1241,81.1185,71.94,100,20,2.3,LK,2023-01-12 18:46:38
182,New Norfolk,-42.7826,147.0587,59.72,69,100,1.7,AU,2023-01-12 18:46:39
183,Baracoa,20.3467,-74.4958,78.17,73,67,9.35,CU,2023-01-12 18:46:39
184,Nouakchott,18.0858,-15.9785,84.13,23,0,10.16,MR,2023-01-12 18:45:39
185,Farafangana,-22.8167,47.8333,75.16,89,100,4.72,MG,2023-01-12 18:46:40
186,Paso De Carrasco,-34.8603,-56.0522,77.14,69,40,13.8,UY,2023-01-12 18:47:26
187,Puerto Ayora,-0.7393,-90.3518,85.96,89,34,5.01,EC,2023-01-12 18:47:41
188,Biak,-0.9131,122.8766,75.97,79,100,2.24,ID,2023-01-12 18:47:41
189,Provideniya,64.3833,-173.3,1.26,96,45,8.9,RU,2023-01-12 18:47:42
190,Ojinaga,29.5667,-104.4167,63.57,27,0,10.36,MX,2023-01-12 18:47:42
191,Numan,9.4667,12.0333,76.8,20,41,4.5,NG,2023-01-12 18:47:43
192,Pevek,69.7008,170.3133,-26.48,97,18,4.81,RU,2023-01-12 18:47:43
193,San Pedro,14.35,121.0167,76.23,89,20,3.44,PH,2023-01-12 18:47:44
194,Vao,-22.6667,167.4833,75.43,74,9,13.09,NC,2023-01-12 18:47:44
195,Bonavista,48.6499,-53.1147,20.75,66,90,13.31,CA,2023-01-12 18:47:45
196,Qadirpur Ran,30.2924,71.6712,51.69,52,0,5.75,PK,2023-01-12 18:47:46
197,La Ronge,55.1001,-105.2842,8.85,78,20,6.91,CA,2023-01-12 18:47:46
198,Byron Bay,-28.65,153.6167,62.94,83,47,4.99,AU,2023-01-12 18:44:25
199,Tambun,-6.2641,107.0712,83.48,74,99,2.71,ID,2023-01-12 18:47:47
200,Lavrentiya,65.5833,-171.0,5.2,96,95,4.25,RU,2023-01-12 18:47:48
201,Guerrero Negro,27.9769,-114.0611,71.28,29,8,0.89,MX,2023-01-12 18:47:48
202,Hasaki,35.7333,140.8333,32.4,58,0,5.17,JP,2023-01-12 18:47:49
203,Praia Da Vitoria,38.7333,-27.0667,64.65,88,20,10.98,PT,2023-01-12 18:47:49
204,Havre-Saint-Pierre,50.2334,-63.5986,17.6,52,0,4.61,CA,2023-01-12 18:47:51
205,Port Elizabeth,-33.918,25.5701,77.09,90,20,11.5,ZA,2023-01-12 18:46:39
206,Srednekolymsk,67.45,153.6833,-27.69,98,100,9.1,RU,2023-01-12 18:47:52
207,Jacareacanga,-6.2222,-57.7528,87.93,61,92,2.1,BR,2023-01-12 18:47:52
208,Shache,38.4167,77.2406,22.91,90,100,7.52,CN,2023-01-12 18:47:53
209,Yueyang,29.3333,113.0919,62.24,89,2,6.76,CN,2023-01-12 18:47:53
210,Khani,41.9563,42.9566,33.37,64,7,7.78,GE,2023-01-12 18:47:54
211,Ponte Nova,-20.4164,-42.9086,77.54,86,98,4.23,BR,2023-01-12 18:47:55
212,Maragogi,-9.0122,-35.2225,82.42,64,1,9.15,BR,2023-01-12 18:47:55
213,Constitucion,-35.3333,-72.4167,67.75,53,15,18.88,CL,2023-01-12 18:47:56
214,Barcelos,41.5388,-8.6151,53.74,88,100,3.2,PT,2023-01-12 18:47:09
215,Baturaja,-4.1333,104.1667,73.62,97,100,1.57,ID,2023-01-12 18:47:56
216,Sao Filipe,14.8961,-24.4956,74.44,65,0,11.9,CV,2023-01-12 18:47:57
217,Rosetta,31.4044,30.4164,58.01,74,33,12.68,EG,2023-01-12 18:47:57
218,Skibbereen,51.55,-9.2667,48.11,76,5,31.25,IE,2023-01-12 18:47:58
219,Saint-Joseph,-21.3667,55.6167,69.1,78,97,10.29,RE,2023-01-12 18:47:58
220,Napasar,27.9667,73.55,56.82,36,0,6.62,IN,2023-01-12 18:47:59
221,Derzhavinsk,51.1,66.3167,2.23,85,50,15.75,KZ,2023-01-12 18:47:59
222,Havoysund,70.9963,24.6622,34.03,89,100,9.93,NO,2023-01-12 18:48:00
223,Mfou,3.7159,11.6427,73.31,35,85,1.48,CM,2023-01-12 18:48:00
224,General Pico,-35.6566,-63.7568,91.29,10,48,12.5,AR,2023-01-12 18:48:01
225,Faanui,-16.4833,-151.75,81.14,76,84,25.88,PF,2023-01-12 18:44:38
226,Mitsamiouli,-11.3847,43.2844,81.45,73,13,4.68,KM,2023-01-12 18:48:02
227,Trelew,-43.249,-65.3051,70.05,33,78,30.4,AR,2023-01-12 18:48:03
228,Cherskiy,68.75,161.3,-34.62,100,100,5.3,RU,2023-01-12 18:48:03
229,Beaverlodge,55.2166,-119.4361,9.75,97,100,0.65,CA,2023-01-12 18:45:17
230,Ngunguru,-35.6167,174.5,65.35,88,74,11.88,NZ,2023-01-12 18:49:04
231,Ancud,-41.8697,-73.8203,60.01,62,38,9.15,CL,2023-01-12 18:49:05
232,Griffith,41.5284,-87.4237,39.09,85,100,12.66,US,2023-01-12 18:49:05
233,Codrington,-38.2667,141.9667,56.23,96,19,6.29,AU,2023-01-12 18:49:06
234,Ashland,40.8167,-82.2665,47.88,99,100,11.63,US,2023-01-12 18:45:09
235,Clermont,49.5,2.4167,51.71,85,100,22.15,FR,2023-01-12 18:49:07
236,Haskovo,41.9403,25.5694,40.21,91,100,3.67,BG,2023-01-12 18:49:07
237,Half Moon Bay,37.4636,-122.4286,65.14,76,0,13.8,US,2023-01-12 18:49:07
238,Pacific Grove,36.6177,-121.9166,61.9,77,0,10.0,US,2023-01-12 18:49:08
239,Taltal,-25.4,-70.4833,68.76,73,4,4.21,CL,2023-01-12 18:46:14
240,Airai,-8.9266,125.4092,59.04,88,100,0.72,TL,2023-01-12 18:49:09
241,Baykit,61.67,96.37,-44.23,100,73,0.51,RU,2023-01-12 18:49:09
242,Peace River,56.2501,-117.286,16.11,92,100,4.61,CA,2023-01-12 18:49:00
243,Hamilton,39.1834,-84.5333,56.03,97,100,4.61,US,2023-01-12 18:46:13
244,Novovarshavka,54.1721,74.6946,12.2,94,100,14.97,RU,2023-01-12 18:49:11
245,Vagur,61.4732,-6.8119,41.79,75,100,28.48,FO,2023-01-12 18:49:11
246,Sao Raimundo Nonato,-9.0153,-42.6994,87.39,45,79,4.81,BR,2023-01-12 18:49:12
247,Qaanaaq,77.484,-69.3632,-3.69,98,100,3.89,GL,2023-01-12 18:49:12
248,Manacapuru,-3.2997,-60.6206,85.53,68,47,6.13,BR,2023-01-12 18:49:13
249,Quesnel,52.9999,-122.5029,30.7,100,100,3.44,CA,2023-01-12 18:49:13
250,Torbat-E Jam,35.244,60.6225,-1.03,64,0,9.04,IR,2023-01-12 18:49:14
251,Kerman,30.2832,57.0788,28.26,80,40,4.61,IR,2023-01-12 18:49:14
252,Carnarvon,-24.8667,113.6333,72.91,77,0,22.5,AU,2023-01-12 18:49:15
253,Kananga,-5.8958,22.4178,66.7,96,95,2.26,CD,2023-01-12 18:49:15
254,Greece,43.2098,-77.6931,46.45,82,100,13.8,US,2023-01-12 18:49:16
255,Praxedis Guerrero,31.3667,-106.0167,54.12,22,84,10.2,MX,2023-01-12 18:49:17
256,Touros,-5.1989,-35.4608,83.16,63,4,15.59,BR,2023-01-12 18:49:17
257,Namibe,-15.1961,12.1522,72.99,78,100,5.79,AO,2023-01-12 18:49:18
258,Mogadishu,2.0371,45.3438,77.56,86,17,21.09,SO,2023-01-12 18:49:18
259,Dukat,62.55,155.55,-24.88,100,100,3.6,RU,2023-01-12 18:49:19
260,Nikolskoye,59.7035,30.7861,26.49,92,98,12.15,RU,2023-01-12 18:49:20
261,Sakrand,26.1384,68.2736,57.07,26,0,4.03,PK,2023-01-12 18:49:21
262,Xinxiang,35.3089,113.8672,41.59,64,94,2.3,CN,2023-01-12 18:49:21
263,Xinqing,48.2333,129.5,25.21,92,100,6.8,CN,2023-01-12 18:49:22
264,Timra,62.487,17.3257,31.68,93,0,5.75,SE,2023-01-12 18:49:22
265,Ust-Nera,64.5667,143.2,-42.16,98,100,0.65,RU,2023-01-12 18:49:23
266,Jardim,-21.4803,-56.1381,87.71,57,18,6.62,BR,2023-01-12 18:49:23
267,Antananarivo,-18.9137,47.5361,66.16,100,75,2.3,MG,2023-01-12 18:49:24
268,Novikovo,51.1537,37.8879,17.29,94,100,11.25,RU,2023-01-12 18:49:25
269,Wahiawa,21.5028,-158.0236,70.12,75,0,0.0,US,2023-01-12 18:49:25
270,Axim,4.8699,-2.2405,80.33,81,100,8.77,GH,2023-01-12 18:49:26
271,Manaus,-3.1019,-60.025,84.7,74,40,8.05,BR,2023-01-12 18:49:27
272,Russell,32.3502,-85.1999,74.37,88,40,5.75,US,2023-01-12 18:45:16
273,Alofi,-19.0595,-169.9187,80.49,89,3,3.44,NU,2023-01-12 18:49:28
274,Vila,42.0304,-8.1588,41.88,89,100,4.79,PT,2023-01-12 18:50:29
275,Gazalkent,41.5581,69.7708,-2.16,66,0,8.19,UZ,2023-01-12 18:50:31
276,Save,8.0425,2.486,87.78,13,99,3.49,BJ,2023-01-12 18:50:32
277,Melnikovo,56.5558,84.085,-0.98,94,100,12.93,RU,2023-01-12 18:50:32
278,San Patricio,28.017,-97.5169,73.35,34,11,21.68,US,2023-01-12 18:50:33
279,Pangkalanbuun,-2.6833,111.6167,73.69,97,94,2.15,ID,2023-01-12 18:50:34
280,Ahipara,-35.1667,173.1667,63.88,82,20,3.18,NZ,2023-01-12 18:50:34
281,Abu Dhabi,24.4667,54.3667,68.02,62,0,6.91,AE,2023-01-12 18:50:35
282,Mahibadhoo,3.7833,72.9667,80.46,59,96,10.42,MV,2023-01-12 18:50:37
283,Klaksvik,62.2266,-6.589,38.32,77,100,26.78,FO,2023-01-12 18:50:38
284,Harper,4.375,-7.7169,80.55,77,78,7.67,LR,2023-01-12 18:50:38
285,Khandyga,62.6667,135.6,-38.83,100,100,1.81,RU,2023-01-12 18:50:39
286,Caravelas,-17.7125,-39.2481,82.53,67,93,10.36,BR,2023-01-12 18:50:40
287,Upernavik,72.7868,-56.1549,-1.46,62,100,7.96,GL,2023-01-12 18:50:41
288,Sitka,57.0531,-135.33,44.49,65,75,5.75,US,2023-01-12 18:50:41
289,Los Llanos De Aridane,28.6585,-17.9182,63.12,74,75,20.71,ES,2023-01-12 18:50:42
290,Kutum,14.2,24.6667,60.57,25,63,10.38,SD,2023-01-12 18:50:42
291,Humaita,-7.5061,-63.0208,89.62,56,96,3.83,BR,2023-01-12 18:50:43
292,Dwarka,22.2394,68.9678,69.15,52,0,19.01,IN,2023-01-12 18:50:25
293,Nouadhibou,20.931,-17.0347,69.78,68,0,13.8,MR,2023-01-12 18:50:43
294,Puerto Escondido,15.85,-97.0667,84.69,58,0,7.65,MX,2023-01-12 18:46:29
295,Bjornevatn,69.6672,29.9847,35.22,93,75,16.11,NO,2023-01-12 18:50:44
296,Chulman,56.8479,124.9104,-24.65,87,100,9.15,RU,2023-01-12 18:50:45
297,Qaqortoq,60.7167,-46.0333,7.43,93,73,0.6,GL,2023-01-12 18:50:45
298,Laguna,38.421,-121.4238,63.09,73,0,4.61,US,2023-01-12 18:50:46
299,Okato,-39.2,173.8833,61.92,100,0,7.47,NZ,2023-01-12 18:50:46
300,Yumen,40.2833,97.2,8.74,30,100,9.31,CN,2023-01-12 18:50:47
301,Labytnangi,66.6572,66.4183,-21.73,100,100,1.41,RU,2023-01-12 18:50:47
302,Puerto Colombia,10.9878,-74.9547,86.09,78,100,19.75,CO,2023-01-12 18:50:48
303,Green River,41.5286,-109.4662,23.4,65,14,1.01,US,2023-01-12 18:46:04
304,Beyneu,45.3167,55.2,12.87,53,12,15.17,KZ,2023-01-12 18:50:49
305,Xuddur,4.1213,43.8894,77.05,30,89,10.58,SO,2023-01-12 18:50:50
306,Bardiyah,31.7561,25.0865,57.78,70,15,11.5,LY,2023-01-12 18:50:50
307,Huarmey,-10.0681,-78.1522,74.48,70,95,12.5,PE,2023-01-12 18:50:51
308,Islamkot,24.6997,70.177,59.99,27,0,9.08,PK,2023-01-12 18:50:51
309,Katsuura,35.1333,140.3,49.77,65,0,3.56,JP,2023-01-12 18:50:52
310,Marawi,7.9986,124.2928,69.49,99,100,2.17,PH,2023-01-12 18:50:52
311,Tiksi,71.6872,128.8694,-38.88,99,95,7.65,RU,2023-01-12 18:50:53
312,Poum,-20.2333,164.0167,77.49,75,9,8.12,NC,2023-01-12 18:50:53
313,Mumford,5.2618,-0.759,80.19,84,47,9.4,GH,2023-01-12 18:50:54
314,Camrose,53.0168,-112.8353,8.13,80,100,5.44,CA,2023-01-12 18:48:39
315,Ilabaya,-17.4208,-70.5133,76.48,40,12,12.59,PE,2023-01-12 18:50:56
316,Raudeberg,61.9875,5.1352,38.86,4,100,7.81,NO,2023-01-12 18:50:56
317,Tecpan,14.7623,-90.9947,67.89,47,45,4.23,GT,2023-01-12 18:50:57
318,Port-Cartier,50.0334,-66.8654,14.22,69,100,1.74,CA,2023-01-12 18:50:57
319,Galesong,-5.3166,119.3661,75.22,79,100,3.49,ID,2023-01-12 18:50:58
320,Shirokiy,49.758,129.523,1.89,93,33,11.21,RU,2023-01-12 18:50:58
321,Dali,25.7,100.1833,40.66,76,0,6.2,CN,2023-01-12 18:50:59
322,Changping,40.2186,116.2197,33.44,74,9,6.58,CN,2023-01-12 18:51:00
323,Aswan,24.0934,32.907,63.7,34,0,3.44,EG,2023-01-12 18:52:00
324,Dergachi,51.2328,48.7659,7.18,89,24,11.12,RU,2023-01-12 18:52:00
325,Deputatskiy,69.3,139.9,-38.7,90,100,4.32,RU,2023-01-12 18:52:01
326,Presidencia Roque Saenz Pena,-26.7852,-60.4388,95.61,33,98,2.82,AR,2023-01-12 18:52:02
327,Maniitsoq,65.4167,-52.9,2.37,76,27,9.31,GL,2023-01-12 18:52:02
328,Los Alamos,35.8881,-106.307,39.69,37,0,4.61,US,2023-01-12 18:52:03
329,Kamenka,51.3223,42.7678,11.57,90,100,14.05,RU,2023-01-12 18:52:04
330,Cabo San Lucas,22.8909,-109.9124,83.61,52,0,1.01,MX,2023-01-12 18:52:04
331,Manokwari,-0.8667,134.0833,77.14,81,92,2.91,ID,2023-01-12 18:52:05
332,Padang,-0.9492,100.3543,73.45,86,95,3.8,ID,2023-01-12 18:52:05
333,Siguiri,11.6667,-9.5,82.02,15,0,2.37,GN,2023-01-12 18:52:06
334,Skalanion,35.2826,25.1868,50.25,81,40,5.75,GR,2023-01-12 18:52:06
335,Freeport,40.6576,-73.5832,51.3,85,100,6.91,US,2023-01-12 18:52:07
336,Luderitz,-26.6481,15.1594,67.28,72,74,19.3,NA,2023-01-12 18:52:07
337,Whitehorse,60.7161,-135.0538,22.06,95,100,1.14,CA,2023-01-12 18:52:08
338,Cairns,-16.9167,145.7667,79.07,97,100,6.91,AU,2023-01-12 18:51:50
339,Tuyen Quang,21.8233,105.2181,68.0,88,100,0.4,VN,2023-01-12 18:52:08
340,Doha,25.2867,51.5333,62.58,69,0,9.22,QA,2023-01-12 18:47:29
341,Victor Harbor,-35.5667,138.6167,68.68,82,49,4.81,AU,2023-01-12 18:52:09
342,Kiunga,-6.1219,141.2906,72.05,99,76,1.3,PG,2023-01-12 18:52:10
343,Colares,38.7992,-9.4469,55.76,76,20,15.01,PT,2023-01-12 18:52:10
344,Clyde River,70.4692,-68.5914,1.63,60,75,8.05,CA,2023-01-12 18:52:11
345,Santiago Del Estero,-27.7951,-64.2615,85.42,47,95,17.96,AR,2023-01-12 18:52:11
346,Leshukonskoye,64.8989,45.7622,19.67,91,100,11.61,RU,2023-01-12 18:52:12
347,Aklavik,68.2191,-135.0107,-5.8,84,100,5.75,CA,2023-01-12 18:52:12
348,Dunedin,-45.8742,170.5036,52.16,85,10,2.35,NZ,2023-01-12 18:50:16
349,Ust-Kuyga,70.0167,135.6,-52.47,100,97,0.76,RU,2023-01-12 18:52:13
350,Whitefish,48.4111,-114.3376,30.51,96,100,0.0,US,2023-01-12 18:51:09
351,Faya,18.3851,42.4509,55.51,80,12,5.73,SA,2023-01-12 18:52:14
352,Tautira,-17.7333,-149.15,78.26,84,100,19.91,PF,2023-01-12 18:52:15
353,Monroe,43.1501,-77.6831,46.06,82,100,13.8,US,2023-01-12 18:49:13
354,Chernyshevskiy,63.0128,112.4714,-39.03,95,100,8.19,RU,2023-01-12 18:52:16
355,Necochea,-38.5473,-58.7368,70.79,46,9,17.65,AR,2023-01-12 18:51:03
356,Lagos,6.5833,3.75,77.52,77,0,4.63,NG,2023-01-12 18:48:35
357,Samut Songkhram,13.4,99.9583,77.92,79,83,6.33,TH,2023-01-12 18:52:18
358,Waingapu,-9.6567,120.2641,77.4,83,100,4.0,ID,2023-01-12 18:52:18
359,Bandarbeyla,9.4942,50.8122,75.88,68,11,20.04,SO,2023-01-12 18:52:19
360,Zermatt,46.0213,7.7491,34.32,83,82,6.08,CH,2023-01-12 18:52:20
361,Eureka,40.8021,-124.1637,61.41,77,100,12.06,US,2023-01-12 18:47:23
362,Pundaguitan,6.3711,126.1689,79.59,82,100,4.68,PH,2023-01-12 18:52:21
363,Sao Joao Da Barra,-21.6403,-41.0511,78.89,91,100,15.7,BR,2023-01-12 18:52:22
364,Mitu,1.1983,-70.1733,85.98,55,67,3.29,CO,2023-01-12 18:52:22
365,Saint George,37.1041,-113.5841,48.43,59,0,1.99,US,2023-01-12 18:51:01
366,Zhigansk,66.7697,123.3711,-63.78,100,73,2.98,RU,2023-01-12 18:52:24
367,Beringovskiy,63.05,179.3167,-5.42,97,100,9.82,RU,2023-01-12 18:52:24
368,Korce,40.6186,20.7808,35.55,77,6,2.39,AL,2023-01-12 18:52:25
369,Hay River,60.8156,-115.7999,15.78,92,100,5.75,CA,2023-01-12 18:51:44
370,Phultala,22.7,89.5167,60.73,32,0,1.86,BD,2023-01-12 18:53:26
371,Nyrob,60.733,56.7202,10.44,94,100,8.28,RU,2023-01-12 18:53:27
372,South Venice,27.0531,-82.4243,78.84,50,0,13.8,US,2023-01-12 18:50:42
373,Moose Factory,51.2585,-80.6094,19.4,86,100,8.05,CA,2023-01-12 18:53:28
374,Marsa Matruh,31.3525,27.2453,55.6,88,40,12.66,EG,2023-01-12 18:53:29
375,Waipawa,-41.4122,175.5153,54.46,80,26,5.46,NZ,2023-01-12 18:53:30
376,Mount Isa,-20.7333,139.5,76.77,83,56,4.61,AU,2023-01-12 18:53:30
377,Verkhoyansk,67.5447,133.385,-39.05,96,100,1.52,RU,2023-01-12 18:53:31
378,Itaituba,-4.2761,-55.9836,87.96,66,40,6.91,BR,2023-01-12 18:50:42
379,Urdoma,61.7533,48.5442,16.34,90,100,11.27,RU,2023-01-12 18:53:31
380,Nankana Sahib,31.4475,73.6972,52.92,64,0,7.4,PK,2023-01-12 18:53:32
381,Barra,-11.0894,-43.1417,87.57,45,91,4.61,BR,2023-01-12 18:53:32
382,Ayia Marina,37.75,23.5333,53.55,67,100,11.61,GR,2023-01-12 18:53:33
383,Tigil,57.8,158.6667,3.88,97,100,4.14,RU,2023-01-12 18:53:33
384,Mount Gambier,-37.8333,140.7667,57.04,98,100,5.57,AU,2023-01-12 18:53:35
385,Labuhan,-6.8844,112.2051,76.33,85,100,9.82,ID,2023-01-12 18:53:36
386,Moa,20.6569,-74.9403,78.84,69,70,11.88,CU,2023-01-12 18:53:36
387,Lagunas,-5.2269,-75.6753,84.27,59,100,3.33,PE,2023-01-12 18:53:36
388,Zhanaozen,43.3,52.8,16.47,36,0,25.61,KZ,2023-01-12 18:53:37
389,Atarra,25.2833,80.5667,60.12,52,14,6.69,IN,2023-01-12 18:53:38
390,Boa Vista,2.8197,-60.6733,87.78,51,40,14.97,BR,2023-01-12 18:53:38
391,Husavik,66.0449,-17.3389,23.54,89,100,8.55,IS,2023-01-12 18:53:39
392,Maunabo,18.0072,-65.8993,82.22,84,9,9.26,PR,2023-01-12 18:53:39
393,Seymchan,62.8833,152.4333,-44.14,99,100,1.16,RU,2023-01-12 18:53:40
394,Ribeira Grande,38.5167,-28.7,63.0,94,40,13.0,PT,2023-01-12 18:53:40
395,Broome,42.2506,-75.833,42.71,87,100,7.0,US,2023-01-12 18:53:42
396,Almenara,-16.1836,-40.6944,82.36,75,100,4.63,BR,2023-01-12 18:50:37
397,Ahome,25.9167,-109.1833,76.77,28,0,12.71,MX,2023-01-12 18:53:43
398,Mugur-Aksy,50.35,90.5,-26.14,76,1,6.11,RU,2023-01-12 18:53:43
399,Lichinga,-13.3128,35.2406,66.29,94,0,0.0,MZ,2023-01-12 18:53:44
400,Nizhniy Odes,63.6445,54.856,13.37,94,100,10.51,RU,2023-01-12 18:53:44
401,Matara,5.9485,80.5353,72.01,86,100,3.04,LK,2023-01-12 18:53:45
402,Matelandia,-25.2408,-53.9964,88.2,40,37,5.39,BR,2023-01-12 18:53:45
403,Asfi,32.2994,-9.2372,60.71,71,0,17.29,MA,2023-01-12 18:53:46
404,Bolivar,37.6145,-93.4105,34.36,95,100,17.54,US,2023-01-12 18:53:46
405,Najran,17.4924,44.1277,61.45,54,100,3.87,SA,2023-01-12 18:53:47
406,Pensacola,30.4213,-87.2169,75.72,80,75,18.41,US,2023-01-12 18:53:47
407,Noumea,-22.2763,166.4572,71.58,80,1,6.62,NC,2023-01-12 18:49:49
408,Margate,51.3813,1.3862,51.91,84,11,5.99,GB,2023-01-12 18:53:48
409,Oromocto,45.8351,-66.4792,30.7,54,40,5.75,CA,2023-01-12 18:53:49
410,Liverpool,53.4106,-2.9779,48.65,69,20,23.02,GB,2023-01-12 18:53:47
411,Rotterdam,51.9225,4.4792,51.89,94,100,25.32,NL,2023-01-12 18:50:05
412,Concepcion Batres,13.35,-88.3667,91.04,41,56,4.23,SV,2023-01-12 18:53:49
413,Samarkand,39.6542,66.9597,-0.98,78,32,13.8,UZ,2023-01-12 18:53:50
414,Kilindoni,-7.9139,39.6668,81.75,79,87,14.23,TZ,2023-01-12 18:54:50
415,Sao Miguel,-5.4667,-35.3667,86.77,60,3,16.67,BR,2023-01-12 18:54:51
416,Constantine,36.365,6.6147,51.21,76,75,6.91,DZ,2023-01-12 18:54:51
417,Lorengau,-2.0226,147.2712,80.82,82,100,11.03,PG,2023-01-12 18:54:52
418,Aracuai,-16.8497,-42.0703,81.59,80,100,4.12,BR,2023-01-12 18:54:52
419,Seoul,37.5683,126.9778,40.57,93,100,4.61,KR,2023-01-12 18:54:53
420,Isla Mujeres,21.2311,-86.731,80.17,65,33,9.31,MX,2023-01-12 18:54:53
421,Sann,26.0418,68.1378,57.6,31,0,3.51,PK,2023-01-12 18:54:54
422,Saint Marys,30.7305,-81.5465,81.12,37,0,16.11,US,2023-01-12 18:54:55
423,Pitimbu,-7.4706,-34.8086,86.59,67,16,10.74,BR,2023-01-12 18:54:55
424,Malakal,9.5334,31.6605,79.72,21,100,6.6,SS,2023-01-12 18:54:56
425,Kuryk,43.2,51.65,23.27,40,0,28.25,KZ,2023-01-12 18:54:57
426,Tessalit,20.1986,1.0114,68.59,12,67,8.46,ML,2023-01-12 18:54:57
427,Moryakovskiy Zaton,56.6956,84.6467,-2.97,93,100,12.1,RU,2023-01-12 18:54:58
428,Barrinha,-21.1936,-48.1639,84.69,91,99,4.36,BR,2023-01-12 18:54:59
429,Flin Flon,54.7682,-101.865,10.24,85,40,8.05,CA,2023-01-12 18:54:59
430,Manggar,-2.8833,108.2667,78.51,81,98,1.92,ID,2023-01-12 18:55:00
431,Solnechnyy,50.7214,136.6319,4.08,98,100,2.3,RU,2023-01-12 18:54:51
432,General Roca,-39.0333,-67.5833,84.61,14,8,10.22,AR,2023-01-12 18:55:00
433,Sistranda,63.7256,8.834,39.16,76,100,13.65,NO,2023-01-12 18:55:01
434,Furukawa,38.5717,140.9556,37.27,88,1,1.54,JP,2023-01-12 18:55:01
435,Takoradi,4.8845,-1.7554,80.64,79,66,8.72,GH,2023-01-12 18:55:02
436,Sao Miguel Do Araguaia,-13.275,-50.1628,82.09,73,97,2.17,BR,2023-01-12 18:55:02
437,Merrill,45.1805,-89.6835,33.89,91,100,11.5,US,2023-01-12 18:53:43
438,Nyeri,-0.4201,36.9476,54.32,93,32,3.33,KE,2023-01-12 18:55:04
439,Kieta,-6.2167,155.6333,79.27,82,83,5.68,PG,2023-01-12 18:50:25
440,Northview,43.0456,-85.6006,39.58,80,100,16.11,US,2023-01-12 18:55:05
441,Orocue,4.7912,-71.3354,89.94,46,100,9.89,CO,2023-01-12 18:55:06
442,Tougan,13.0667,-3.0667,77.38,15,31,9.98,BF,2023-01-12 18:55:07
443,Loandjili,-4.7561,11.8578,76.26,88,100,5.03,CG,2023-01-12 18:55:07
444,Aykhal,66.0,111.5,-37.32,98,100,6.26,RU,2023-01-12 18:55:08
445,Tomatlan,19.9333,-105.25,91.67,24,17,8.55,MX,2023-01-12 18:55:08
446,Kalabo,-14.97,22.6814,66.88,94,64,4.41,ZM,2023-01-12 18:55:09
447,Royan,45.6285,-1.0281,53.83,81,100,24.02,FR,2023-01-12 18:55:09
448,Auki,-8.7676,160.7034,77.47,84,64,5.5,SB,2023-01-12 18:55:10
449,Quang Ngai,15.1167,108.8,70.92,94,17,2.68,VN,2023-01-12 18:55:10
450,Kot Samaba,28.5522,70.4684,54.91,42,0,2.57,PK,2023-01-12 18:55:11
451,Nabire,-3.3667,135.4833,75.92,90,100,2.77,ID,2023-01-12 18:55:11
452,Vila Franca Do Campo,37.7167,-25.4333,63.01,94,95,7.52,PT,2023-01-12 18:55:12
453,Yar-Sale,66.8333,70.8333,-27.08,100,100,4.0,RU,2023-01-12 18:55:12
454,Trinidad,-14.8333,-64.9,89.58,62,40,11.5,BO,2023-01-12 18:55:13
455,Asau,46.4333,26.4,29.32,99,100,2.39,RO,2023-01-12 18:55:14
456,Herat,34.5,62.0,-2.79,87,0,10.11,AF,2023-01-12 18:55:14
457,Wagar,16.1525,36.2032,74.84,50,12,12.28,SD,2023-01-12 18:55:15
458,Shimoda,34.6667,138.95,49.24,50,0,5.32,JP,2023-01-12 18:55:16
459,Kalmunai,7.4167,81.8167,72.39,77,33,5.59,LK,2023-01-12 18:55:16
460,Karasjok,69.4719,25.5112,33.03,91,100,16.78,NO,2023-01-12 18:56:17
461,Dubai,25.2582,55.3047,66.13,45,0,10.36,AE,2023-01-12 18:54:56
462,Itoman,26.1247,127.6694,69.82,73,96,17.27,JP,2023-01-12 18:56:19
463,Honningsvag,70.9821,25.9704,33.55,80,40,8.05,NO,2023-01-12 18:56:20
464,Ola,59.5833,151.2833,-7.35,95,100,0.92,RU,2023-01-12 18:56:20
465,Komsomolets,53.7453,62.0708,10.54,71,96,14.52,KZ,2023-01-12 18:56:21
466,Maumere,-8.6199,122.2111,78.69,81,100,3.15,ID,2023-01-12 18:56:21
467,Ubon Ratchathani,15.1667,105.1667,71.49,93,22,0.49,TH,2023-01-12 18:56:22
468,Santa Maria,-29.6842,-53.8069,88.9,43,40,5.75,BR,2023-01-12 18:55:56
469,Lobito,-12.3481,13.5456,76.33,76,100,3.8,AO,2023-01-12 18:56:22
470,Sorland,67.667,12.6934,39.06,97,100,11.1,NO,2023-01-12 18:56:23
471,Suluktu,39.9337,69.57,-2.72,77,60,3.98,KG,2023-01-12 18:56:24
472,Yarensk,62.1675,49.0916,15.93,92,100,10.27,RU,2023-01-12 18:56:25
473,Champerico,14.3,-91.9167,91.94,65,0,9.57,GT,2023-01-12 18:56:25
474,Taraz,42.9,71.3667,-16.19,83,51,6.71,KZ,2023-01-12 18:56:26
475,Las Cruces,32.3123,-106.7783,57.6,25,0,8.05,US,2023-01-12 18:53:35
476,Bambanglipuro,-7.95,110.2833,77.86,80,100,4.7,ID,2023-01-12 18:56:26
477,Camacha,33.0833,-16.3333,58.42,63,75,8.05,PT,2023-01-12 18:56:28
478,Preobrazheniye,42.9019,133.9064,32.7,69,100,7.43,RU,2023-01-12 18:56:28
479,Gencsapati,47.285,16.5958,44.89,76,100,9.15,HU,2023-01-12 18:56:29
480,Port-Gentil,-0.7193,8.7815,80.56,89,40,1.14,GA,2023-01-12 18:56:30
481,Chingirlau,51.095,54.0814,1.99,85,100,6.58,KZ,2023-01-12 18:56:30
482,Mareeba,-17.0,145.4333,74.44,95,100,2.62,AU,2023-01-12 18:56:31
483,Ilinskiy,55.619,38.1182,19.78,79,0,8.99,RU,2023-01-12 18:56:31
484,Kawalu,-7.3817,108.2082,71.96,98,96,1.68,ID,2023-01-12 18:56:32
485,Emerald,-23.5333,148.1667,66.18,94,100,9.46,AU,2023-01-12 18:54:39
486,Karuzi,-3.125,30.1333,62.13,90,100,0.13,BI,2023-01-12 18:56:33
487,Baymak,52.5933,58.3225,0.34,75,100,12.53,RU,2023-01-12 18:56:35
488,Darhan,49.4867,105.9228,-21.53,91,5,3.22,MN,2023-01-12 18:56:35
489,Ierapetra,35.01,25.7353,55.15,70,100,5.01,GR,2023-01-12 18:56:36
490,Mana,5.6592,-53.7767,79.27,82,91,10.76,GF,2023-01-12 18:56:36
491,Watrous,51.6668,-105.4679,8.38,78,97,12.66,CA,2023-01-12 18:56:37
492,Victoria,22.2855,114.1577,69.85,93,100,11.01,HK,2023-01-12 18:53:01
493,Okitipupa,6.5047,4.7839,75.58,79,5,3.91,NG,2023-01-12 18:56:38
494,Palauig,15.435,119.9045,75.54,72,11,3.94,PH,2023-01-12 18:56:38
495,Port Hedland,-20.3167,118.5667,84.25,79,100,8.05,AU,2023-01-12 18:56:39
496,Baherden,38.4362,57.4316,16.18,66,0,14.18,TM,2023-01-12 18:56:39
497,Cabedelo,-6.9811,-34.8339,86.67,66,82,12.1,BR,2023-01-12 18:56:40
498,Gizo,-8.103,156.8419,81.54,78,100,10.56,SB,2023-01-12 18:56:40
499,Xai-Xai,-25.0519,33.6442,76.12,87,1,9.46,MZ,2023-01-12 18:56:41
500,Kaitangata,-46.2817,169.8464,49.23,88,26,1.99,NZ,2023-01-12 18:56:41
501,Fochville,-26.4886,27.4939,71.58,22,0,7.72,ZA,2023-01-12 18:56:42
502,Tatarbunary,45.8373,29.6142,35.2,81,100,10.11,UA,2023-01-12 18:56:42
503,Richards Bay,-28.783,32.0377,70.61,90,0,7.11,ZA,2023-01-12 18:56:43
504,Salym,60.0625,71.4789,5.79,96,93,5.93,RU,2023-01-12 18:57:43
505,Kisangani,0.5167,25.2,74.86,70,98,1.12,CD,2023-01-12 18:57:44
506,Fairbanks,64.8378,-147.7164,6.6,84,100,2.3,US,2023-01-12 18:57:14
507,Kovernino,57.1253,43.8142,14.45,90,87,13.35,RU,2023-01-12 18:57:45
508,Mpika,-11.8343,31.4529,61.36,99,100,3.6,ZM,2023-01-12 18:57:45
509,Krasnoarmeysk,51.0239,45.6969,3.02,97,39,8.34,RU,2023-01-12 18:57:46
510,Yarada,17.65,83.2667,70.12,94,20,2.3,IN,2023-01-12 18:57:46
511,Mackay,-21.15,149.2,73.69,86,100,11.43,AU,2023-01-12 18:57:47
512,Yei,4.095,30.6779,76.84,35,50,3.36,SS,2023-01-12 18:57:47
513,Saskatoon,52.1168,-106.6345,12.18,92,100,8.05,CA,2023-01-12 18:57:48
514,Kyra,49.5776,111.9753,-17.09,80,31,7.29,RU,2023-01-12 18:57:48
515,Hazaribag,23.9833,85.35,52.93,39,0,2.17,IN,2023-01-12 18:57:49
516,Kruisfontein,-34.0033,24.7314,74.88,54,100,29.42,ZA,2023-01-12 18:57:50
517,Grand-Santi,4.25,-54.3833,79.3,92,81,4.21,GF,2023-01-12 18:57:50
518,Grand-Lahou,5.1367,-5.0242,80.71,79,100,10.27,CI,2023-01-12 18:57:51
519,Bousso,10.4795,16.7117,73.99,22,2,6.89,TD,2023-01-12 18:57:51
520,Ipira,-12.1583,-39.7372,86.16,47,50,8.88,BR,2023-01-12 18:57:52
521,Bela,25.9333,81.9833,55.99,52,0,4.94,IN,2023-01-12 18:57:52
522,Albury,-36.0833,146.9167,68.14,100,3,1.01,AU,2023-01-12 18:57:53
523,Sfantu Gheorghe,45.8667,25.7833,40.26,99,100,1.34,RO,2023-01-12 18:57:53
524,Tuatapere,-46.1333,167.6833,49.84,88,22,2.04,NZ,2023-01-12 18:57:54
525,Turukhansk,65.8167,87.9833,-39.15,96,14,5.64,RU,2023-01-12 18:57:54
526,Yayva,59.3303,57.2641,7.18,94,100,8.63,RU,2023-01-12 18:57:55
527,Lichuan,30.3,108.85,47.28,94,89,3.74,CN,2023-01-12 18:57:55
528,Karwar,14.8,74.1333,71.11,59,8,7.05,IN,2023-01-12 18:57:56
529,Jerico,5.7921,-75.786,70.79,64,79,0.63,CO,2023-01-12 18:56:55
530,Isangel,-19.55,169.2667,76.89,81,83,6.64,VU,2023-01-12 18:57:57
531,Zadar,44.1197,15.2422,41.61,81,0,4.61,HR,2023-01-12 18:57:57
532,Natal,-5.795,-35.2094,86.65,61,20,17.27,BR,2023-01-12 18:57:57
533,Valparaiso,-33.0393,-71.6273,73.99,53,0,12.66,CL,2023-01-12 18:53:02
534,Gimli,50.6336,-96.9907,14.02,85,66,3.44,CA,2023-01-12 18:57:58
535,Bilibino,68.0546,166.4372,-19.17,80,15,3.85,RU,2023-01-12 18:57:59
536,Santa Cruz,-17.8,-63.1667,80.65,74,75,11.5,BO,2023-01-12 18:54:54
537,Sioux Lookout,50.1001,-91.917,8.67,85,100,8.05,CA,2023-01-12 18:57:59
538,Lubango,-14.9172,13.4925,61.32,88,100,2.37,AO,2023-01-12 18:58:00
539,Bathsheba,13.2167,-59.5167,79.41,83,40,19.57,BB,2023-01-12 18:58:00
540,Izumo,35.3667,132.7667,37.35,84,99,6.69,JP,2023-01-12 18:58:01
541,Ekibastuz,51.6667,75.3667,6.87,76,98,22.93,KZ,2023-01-12 18:53:04
542,San Cristobal,7.7669,-72.225,73.58,58,100,4.81,VE,2023-01-12 18:58:01
543,Khor,47.8861,134.9464,23.74,97,100,5.1,RU,2023-01-12 18:58:02
544,Omboue,-1.5746,9.2618,77.22,82,100,2.91,GA,2023-01-12 18:58:02
545,Athabasca,54.7169,-113.2854,12.61,93,100,4.16,CA,2023-01-12 18:58:03
546,Gondanglegi,-7.7479,112.0132,73.87,86,95,7.92,ID,2023-01-12 18:58:03
547,Quelimane,-17.8786,36.8883,80.55,78,75,5.01,MZ,2023-01-12 18:58:04
548,Zaysan,47.4667,84.8667,-12.08,75,64,5.57,KZ,2023-01-12 18:58:04
549,Alice Springs,-23.7,133.8833,72.95,88,65,3.44,AU,2023-01-12 18:58:05
550,Veseloyarsk,51.2836,81.1056,0.72,94,100,22.97,RU,2023-01-12 18:58:05
551,Kresttsy,58.2452,32.5165,26.1,94,100,10.56,RU,2023-01-12 18:58:03
552,Jining,35.405,116.5814,44.53,85,100,6.58,CN,2023-01-12 18:58:06
553,Butterworth,5.3991,100.3638,78.84,94,20,1.14,MY,2023-01-12 18:59:07
554,Katherine,-14.4667,132.2667,75.52,94,100,6.91,AU,2023-01-12 18:59:07
555,Muana,-1.5283,-49.2167,82.45,81,95,6.02,BR,2023-01-12 18:59:08
